,stops,boardings
43,GERMANTOWN TRANSIT CENTER  & BAY B,5107
58,MEDICAL CENTER STATION  & BAY D,4735
128,S CAMPUS DR & CAMPUS DR,4357
124,ROCKVILLE STATION  & BAY A - WEST,4222
157,TWINBROOK STATION  & BAY A - WEST,2388
125,ROCKVILLE STATION  & BAY B - WEST,2369
158,UNKNOWN,2275
145,SHADY GROVE STATION  & BAY C - EAST,1990
51,LAKEFOREST TRANSIT CENTER  & ODENDH,1972
144,SHADY GROVE STATION  & BAY A - WEST,1773
101,ROCKVILLE PIKE & MARINELLI RD,1571
89,ROCKVILLE PIKE & EDMONSTON DR,1275
151,SHAKESPEARE BLVD & OBSERVATION DR,849
47,HUNGERFORD DR & FREDERICK AVE,779
110,ROCKVILLE PIKE & RANDOLPH RD,738
120,ROCKVILLE PIKE & TUCKERMAN LN,723
87,ROCKVILLE PIKE & CONGRESSIONAL LN,708
77,ODENDHAL AVE & FREDERICK AVE,699
96,ROCKVILLE PIKE & HALPINE RD,647
83,ROCKVILLE PIKE & BOU AVE,610
69,N WASHINGTON ST & DAWSON AVE,492
74,OBSERVATION DR & MONTGOMERY COLLEGE,469
133,S FREDERICK AVE & EDUCATION BLVD,445
109,ROCKVILLE PIKE & POOKS HILL RD,437
139,S FREDERICK AVE & SUMMIT AVE,430
59,MONROE ST & MONROE PL,418
24,FREDERICK RD & GUNNERS BRANCH RD,407
118,ROCKVILLE PIKE & TEMPLETON PL,392
111,ROCKVILLE PIKE & RICHARD MONTGOMERY,387
68,N WASHINGTON ST & BEALL AVE,370
70,N WASHINGTON ST & MARTINS LN,328
84,ROCKVILLE PIKE & BOUIC AVE,314
148,SHAKESPEARE BLVD & ETON MANOR DR,312
4,CHRISTOPHER AVE & MONTGOMERY VILLAG,312
37,FREDERICK RD & SHADY GROVE RD,300
107,ROCKVILLE PIKE & OLD GEORGETOWN RD,296
112,ROCKVILLE PIKE & ROLLINS AVE,284
18,FREDERICK RD & APPLEDOWRE WAY,271
123,ROCKVILLE PIKE & WOOTTON PKWY,267
79,ROCKVILLE PIKE & @1001,262
114,ROCKVILLE PIKE & SECURITY LN,253
153,TRAVIS AVE & TRAVIS LN,253
117,ROCKVILLE PIKE & TALBOTT ST,248
67,N FREDERICK RD & GUNNERS BRANCH RD,244
135,S FREDERICK AVE & N WESTLAND DR,238
52,LOST KNIFE RD & CIDER MILL APTS,233
138,S FREDERICK AVE & S WESTLAND DR,216
8,CONTOUR RD & LOST KNIFE RD,214
5,CHRISTOPHER AVE & RUSSELL AVE,212
131,S FREDERICK AVE & DEER PARK DR,203
99,ROCKVILLE PIKE & HUBBARD DR,199
104,ROCKVILLE PIKE & NICHOLSON LN,199
32,FREDERICK RD & OXBRIDGE DR,196
20,FREDERICK RD & COLLEGE PKWY,194
102,ROCKVILLE PIKE & MT VERNON PL,194
63,N FREDERICK AVE & MONTGOMERY AVE,190
60,N FREDERICK AVE & BROOKS AVE,187
29,FREDERICK RD & MIDDLEBROOK RD,186
108,ROCKVILLE PIKE & PIKE CENTER,178
12,E MIDDLE LN & MARYLAND AVE,156
129,S FREDERICK AVE & CEDAR AVE,149
33,FREDERICK RD & PLUMMER DR,149
64,N FREDERICK AVE & PROFESSIONAL DR,148
2,CHRISTOPHER AVE & GALLOP HILL RD,147
91,ROCKVILLE PIKE & EXECUTIVE BLVD,147
98,ROCKVILLE PIKE & HOYA ST,143
75,OBSERVATION DR & OBSERVATION CT,141
92,ROCKVILLE PIKE & FIRST ST,139
36,FREDERICK RD & SCENERY DR,137
134,S FREDERICK AVE & FULKS CORNER AVE,137
122,ROCKVILLE PIKE & WOODMONT STATION,136
71,N WASHINGTON ST & MIDDLE LN,130
150,SHAKESPEARE BLVD & MILESTONE PARK &,127
82,ROCKVILLE PIKE & BETH MED PRK DR,125
44,GROSVENOR STATION  & BAY E,122
61,N FREDERICK AVE & CHESTNUT ST,118
13,E MIDDLE LN & MONROE ST,116
132,S FREDERICK AVE & DEER PARK RD,115
147,SHAKESPEARE BLVD & AMBER RIDGE DR,114
78,ODENDHAL AVE & RUSSELL AVE,114
34,FREDERICK RD & REDLAND RD,108
115,ROCKVILLE PIKE & SOUTH WOOD RD,105
7,CONTOUR RD & HORIZON RUN RD,103
17,FREDERICK RD & @20010,102
106,ROCKVILLE PIKE & NORTH WOOD DR,101
22,FREDERICK RD & GERMANTOWN RD,101
3,CHRISTOPHER AVE & HELLINGLY PL,99
66,N FREDERICK AVE & WHETSTONE DR,99
57,MANNAKEE ST & HUNGERFORD DR,98
19,FREDERICK RD & ARCHDALE RD,97
154,TRAVIS AVE & TRAVIS VIEW CT,97
1,CHRISTOPHER AVE & FEATHERTREE WAY,96
54,LOST KNIFE RD & MONTGOMERY VILLAGE,95
10,CONTOUR RD & TUNSTALL DR,89
119,ROCKVILLE PIKE & THOMPSON AVE,84
9,CONTOUR RD & ODENDHAL AVE,82
103,ROCKVILLE PIKE & NEW ST,80
141,S FREDERICK AVE & WESTLAND DR,78
86,ROCKVILLE PIKE & CEDAR LN,75
88,ROCKVILLE PIKE & COUNTRY CLUB RD,72
155,TRAVIS AVE & WATKINS MILL RD,71
62,N FREDERICK AVE & MARYLAND AVE,68
152,SOMERVILLE DR & REDLAND RD,68
11,E JEFFERSON ST & MARYLAND AVE,68
94,ROCKVILLE PIKE & GROSVENOR LN,67
38,FREDERICK RD & SHAKESPEARE BLVD,63
113,ROCKVILLE PIKE & ROSE AVE,62
127,RUSSELL AVE & WATKINS MILL RD,59
160,WATKINS MILL RD & TRAVIS LN,58
143,S WASHINGTON ST & MONTGOMERY AVE,57
116,ROCKVILLE PIKE & STRATHMORE AVE,55
40,FREDERICK RD & WHEATFIELD DR,54
56,MANNAKEE ST & CAMPUS DR,54
149,SHAKESPEARE BLVD & FREDERICK RD,48
159,WATKINS MILL RD & TRAVIS AVE,47
80,ROCKVILLE PIKE & ALTA VISTA RD,47
137,S FREDERICK AVE & ROSEMONT DR,45
53,LOST KNIFE RD & CONTOUR RD,45
136,S FREDERICK AVE & O'NEILL DR,43
6,CHRISTOPHER AVE & VILLAGE OVERLOOK,42
49,HUNGERFORD DR & N CAMPUS DR,41
73,OBSERVATION DR & BOLAND FARM RD,40
25,FREDERICK RD & GUNNERS DR,37
23,FREDERICK RD & GUDE DR,37
65,N FREDERICK AVE & TRAVIS AVE,36
97,ROCKVILLE PIKE & HILLERY WAY,36
30,FREDERICK RD & MIDWAY CENTER,35
26,FREDERICK RD & HIGH POINT DR,34
130,S FREDERICK AVE & CENTRAL AVE,33
42,GERMANTOWN RD & OBSERVATION DR,31
48,HUNGERFORD DR & MANNAKEE ST,31
45,HALPINE RD & ROCKVILLE PIKE,30
39,FREDERICK RD & WATKINS POND BLVD,27
76,OBSERVATION DR & PANTHER RIDGE DR,26
35,FREDERICK RD & RIDGEMONT AVE,25
27,FREDERICK RD & INDIANOLA DR,24
81,ROCKVILLE PIKE & BELLEVUE DR,23
93,ROCKVILLE PIKE & FLANDERS AVE,23
28,FREDERICK RD & MAGNOLIA DR,22
140,S FREDERICK AVE & VIRGINIA DR,19
55,MANNAKEE ST & CAMPUS (E) DR,19
90,ROCKVILLE PIKE & ELSMERE AVE,18
126,RUSSELL AVE & CHRISTOPHER AVE,16
41,GERMANTOWN RD & GOLDENROD LN,15
21,FREDERICK RD & COLLINS DR,14
121,ROCKVILLE PIKE & WICKSHIRE WAY,14
95,ROCKVILLE PIKE & GROSVENOR STATION,13
156,TUCKERMAN LN & ROCKVILLE PIKE,11
16,FREDERICK RD & @15501,10
142,S WASHINGTON ST & COURT HOUSE SQ,8
50,KING FARM BLVD & FREDERICK RD,8
31,FREDERICK RD & NEELSVILLE CHURCH RD,7
72,OBSERVATION DR & @20457 (SENECA MEA,7
85,ROCKVILLE PIKE & BROAD BROOK DR,7
105,ROCKVILLE PIKE & NORTH DR,6
146,SHADYGROVE METRO LOT  & METRO LOT,5
14,E MIDDLE LN & WASHINGTON ST,2
46,HUNGERFORD DR & @700,2
15,FREDERICK RD & @15,2
100,ROCKVILLE PIKE & LOCUST HILL RD,2
0,CHAPMAN AVE & BOUIC AVE,1
