,stops,boardings,alightings
58,MEDICAL CENTER STATION  & BAY D,4735,4578
43,GERMANTOWN TRANSIT CENTER  & BAY B,5107,4004
124,ROCKVILLE STATION  & BAY A - WEST,4222,3893
145,SHADY GROVE STATION  & BAY C - EAST,1990,3399
128,S CAMPUS DR & CAMPUS DR,4357,3007
158,UNKNOWN,2275,2606
157,TWINBROOK STATION  & BAY A - WEST,2388,2301
144,SHADY GROVE STATION  & BAY A - WEST,1773,2084
51,LAKEFOREST TRANSIT CENTER  & ODENDH,1972,2058
125,ROCKVILLE STATION  & BAY B - WEST,2369,1649
89,ROCKVILLE PIKE & EDMONSTON DR,1275,1348
101,ROCKVILLE PIKE & MARINELLI RD,1571,1224
151,SHAKESPEARE BLVD & OBSERVATION DR,849,1190
47,HUNGERFORD DR & FREDERICK AVE,779,864
87,ROCKVILLE PIKE & CONGRESSIONAL LN,708,775
77,ODENDHAL AVE & FREDERICK AVE,699,759
83,ROCKVILLE PIKE & BOU AVE,610,626
24,FREDERICK RD & GUNNERS BRANCH RD,407,559
112,ROCKVILLE PIKE & ROLLINS AVE,284,559
110,ROCKVILLE PIKE & RANDOLPH RD,738,556
149,SHAKESPEARE BLVD & FREDERICK RD,48,513
99,ROCKVILLE PIKE & HUBBARD DR,199,485
120,ROCKVILLE PIKE & TUCKERMAN LN,723,450
69,N WASHINGTON ST & DAWSON AVE,492,432
68,N WASHINGTON ST & BEALL AVE,370,418
59,MONROE ST & MONROE PL,418,411
118,ROCKVILLE PIKE & TEMPLETON PL,392,403
109,ROCKVILLE PIKE & POOKS HILL RD,437,388
44,GROSVENOR STATION  & BAY E,122,388
117,ROCKVILLE PIKE & TALBOTT ST,248,383
70,N WASHINGTON ST & MARTINS LN,328,350
113,ROCKVILLE PIKE & ROSE AVE,62,335
84,ROCKVILLE PIKE & BOUIC AVE,314,309
37,FREDERICK RD & SHADY GROVE RD,300,297
4,CHRISTOPHER AVE & MONTGOMERY VILLAG,312,285
45,HALPINE RD & ROCKVILLE PIKE,30,277
91,ROCKVILLE PIKE & EXECUTIVE BLVD,147,270
150,SHAKESPEARE BLVD & MILESTONE PARK &,127,264
102,ROCKVILLE PIKE & MT VERNON PL,194,262
105,ROCKVILLE PIKE & NORTH DR,6,247
5,CHRISTOPHER AVE & RUSSELL AVE,212,242
96,ROCKVILLE PIKE & HALPINE RD,647,235
60,N FREDERICK AVE & BROOKS AVE,187,235
133,S FREDERICK AVE & EDUCATION BLVD,445,235
18,FREDERICK RD & APPLEDOWRE WAY,271,231
123,ROCKVILLE PIKE & WOOTTON PKWY,267,228
74,OBSERVATION DR & MONTGOMERY COLLEGE,469,221
153,TRAVIS AVE & TRAVIS LN,253,220
92,ROCKVILLE PIKE & FIRST ST,139,215
139,S FREDERICK AVE & SUMMIT AVE,430,212
104,ROCKVILLE PIKE & NICHOLSON LN,199,211
20,FREDERICK RD & COLLEGE PKWY,194,211
64,N FREDERICK AVE & PROFESSIONAL DR,148,205
108,ROCKVILLE PIKE & PIKE CENTER,178,203
114,ROCKVILLE PIKE & SECURITY LN,253,201
57,MANNAKEE ST & HUNGERFORD DR,98,200
32,FREDERICK RD & OXBRIDGE DR,196,197
63,N FREDERICK AVE & MONTGOMERY AVE,190,194
78,ODENDHAL AVE & RUSSELL AVE,114,187
53,LOST KNIFE RD & CONTOUR RD,45,185
29,FREDERICK RD & MIDDLEBROOK RD,186,185
154,TRAVIS AVE & TRAVIS VIEW CT,97,182
34,FREDERICK RD & REDLAND RD,108,177
119,ROCKVILLE PIKE & THOMPSON AVE,84,171
6,CHRISTOPHER AVE & VILLAGE OVERLOOK,42,167
138,S FREDERICK AVE & S WESTLAND DR,216,163
71,N WASHINGTON ST & MIDDLE LN,130,160
36,FREDERICK RD & SCENERY DR,137,160
103,ROCKVILLE PIKE & NEW ST,80,159
79,ROCKVILLE PIKE & @1001,262,148
33,FREDERICK RD & PLUMMER DR,149,145
134,S FREDERICK AVE & FULKS CORNER AVE,137,142
61,N FREDERICK AVE & CHESTNUT ST,118,136
129,S FREDERICK AVE & CEDAR AVE,149,122
88,ROCKVILLE PIKE & COUNTRY CLUB RD,72,121
28,FREDERICK RD & MAGNOLIA DR,22,120
7,CONTOUR RD & HORIZON RUN RD,103,118
137,S FREDERICK AVE & ROSEMONT DR,45,117
75,OBSERVATION DR & OBSERVATION CT,141,115
122,ROCKVILLE PIKE & WOODMONT STATION,136,111
67,N FREDERICK RD & GUNNERS BRANCH RD,244,109
52,LOST KNIFE RD & CIDER MILL APTS,233,109
22,FREDERICK RD & GERMANTOWN RD,101,105
97,ROCKVILLE PIKE & HILLERY WAY,36,104
62,N FREDERICK AVE & MARYLAND AVE,68,100
54,LOST KNIFE RD & MONTGOMERY VILLAGE,95,98
142,S WASHINGTON ST & COURT HOUSE SQ,8,96
3,CHRISTOPHER AVE & HELLINGLY PL,99,95
66,N FREDERICK AVE & WHETSTONE DR,99,93
107,ROCKVILLE PIKE & OLD GEORGETOWN RD,296,92
14,E MIDDLE LN & WASHINGTON ST,2,91
11,E JEFFERSON ST & MARYLAND AVE,68,89
55,MANNAKEE ST & CAMPUS (E) DR,19,86
135,S FREDERICK AVE & N WESTLAND DR,238,83
131,S FREDERICK AVE & DEER PARK DR,203,83
141,S FREDERICK AVE & WESTLAND DR,78,82
111,ROCKVILLE PIKE & RICHARD MONTGOMERY,387,77
13,E MIDDLE LN & MONROE ST,116,73
17,FREDERICK RD & @20010,102,70
116,ROCKVILLE PIKE & STRATHMORE AVE,55,69
23,FREDERICK RD & GUDE DR,37,65
155,TRAVIS AVE & WATKINS MILL RD,71,64
127,RUSSELL AVE & WATKINS MILL RD,59,63
81,ROCKVILLE PIKE & BELLEVUE DR,23,62
98,ROCKVILLE PIKE & HOYA ST,143,62
9,CONTOUR RD & ODENDHAL AVE,82,58
132,S FREDERICK AVE & DEER PARK RD,115,57
136,S FREDERICK AVE & O'NEILL DR,43,55
156,TUCKERMAN LN & ROCKVILLE PIKE,11,54
94,ROCKVILLE PIKE & GROSVENOR LN,67,53
1,CHRISTOPHER AVE & FEATHERTREE WAY,96,51
148,SHAKESPEARE BLVD & ETON MANOR DR,312,50
86,ROCKVILLE PIKE & CEDAR LN,75,48
152,SOMERVILLE DR & REDLAND RD,68,47
8,CONTOUR RD & LOST KNIFE RD,214,45
147,SHAKESPEARE BLVD & AMBER RIDGE DR,114,43
25,FREDERICK RD & GUNNERS DR,37,42
10,CONTOUR RD & TUNSTALL DR,89,41
160,WATKINS MILL RD & TRAVIS LN,58,40
65,N FREDERICK AVE & TRAVIS AVE,36,40
35,FREDERICK RD & RIDGEMONT AVE,25,39
27,FREDERICK RD & INDIANOLA DR,24,38
40,FREDERICK RD & WHEATFIELD DR,54,34
93,ROCKVILLE PIKE & FLANDERS AVE,23,34
121,ROCKVILLE PIKE & WICKSHIRE WAY,14,33
30,FREDERICK RD & MIDWAY CENTER,35,33
143,S WASHINGTON ST & MONTGOMERY AVE,57,32
126,RUSSELL AVE & CHRISTOPHER AVE,16,30
26,FREDERICK RD & HIGH POINT DR,34,28
159,WATKINS MILL RD & TRAVIS AVE,47,25
12,E MIDDLE LN & MARYLAND AVE,156,24
50,KING FARM BLVD & FREDERICK RD,8,24
82,ROCKVILLE PIKE & BETH MED PRK DR,125,23
19,FREDERICK RD & ARCHDALE RD,97,22
146,SHADYGROVE METRO LOT  & METRO LOT,5,22
80,ROCKVILLE PIKE & ALTA VISTA RD,47,21
49,HUNGERFORD DR & N CAMPUS DR,41,21
15,FREDERICK RD & @15,2,21
39,FREDERICK RD & WATKINS POND BLVD,27,21
2,CHRISTOPHER AVE & GALLOP HILL RD,147,20
73,OBSERVATION DR & BOLAND FARM RD,40,20
85,ROCKVILLE PIKE & BROAD BROOK DR,7,19
42,GERMANTOWN RD & OBSERVATION DR,31,19
21,FREDERICK RD & COLLINS DR,14,16
76,OBSERVATION DR & PANTHER RIDGE DR,26,16
31,FREDERICK RD & NEELSVILLE CHURCH RD,7,15
72,OBSERVATION DR & @20457 (SENECA MEA,7,14
115,ROCKVILLE PIKE & SOUTH WOOD RD,105,14
38,FREDERICK RD & SHAKESPEARE BLVD,63,13
16,FREDERICK RD & @15501,10,12
48,HUNGERFORD DR & MANNAKEE ST,31,12
41,GERMANTOWN RD & GOLDENROD LN,15,11
0,CHAPMAN AVE & BOUIC AVE,1,11
90,ROCKVILLE PIKE & ELSMERE AVE,18,9
140,S FREDERICK AVE & VIRGINIA DR,19,8
130,S FREDERICK AVE & CENTRAL AVE,33,7
106,ROCKVILLE PIKE & NORTH WOOD DR,101,6
95,ROCKVILLE PIKE & GROSVENOR STATION,13,5
100,ROCKVILLE PIKE & LOCUST HILL RD,2,4
46,HUNGERFORD DR & @700,2,2
56,MANNAKEE ST & CAMPUS DR,54,2
